model,task,auroc,auprc,f1,balanced_accuracy,brier_score,mae,rmse,directional_accuracy,spearman_rho,net_bps_captured,hit_rate_above_cost,false_positive_cost,n_trades,final_pnl_usd,max_drawdown_usd,sharpe_ratio
rf,classification,0.5936301782429894,0.46231022304104197,0.0,0.5,0.23911154381497882,,,,,NaN,NaN,NaN,0,0.0,0.0,NaN
last_value,classification,0.5,0.36121401182816665,0.0,0.5,0.25,,,,,NaN,NaN,NaN,0,0.0,0.0,NaN
rolling_mean,classification,0.5,0.36121401182816665,0.0,0.5,0.36121401182816665,,,,,NaN,NaN,NaN,0,0.0,0.0,NaN
ar1,classification,0.5,0.36121401182816665,0.0,0.5,0.3261316075889069,,,,,NaN,NaN,NaN,0,0.0,0.0,NaN
xgb,classification,0.5484101818681314,0.3868290381706387,0.1219400942679033,0.5046365447204044,0.30673388582174066,,,,,-74.26312018262651,0.015701668302257114,-79.53669262636288,1019,-378370.5973304822,378370.5973304822,-148.67287820026925
lasso,classification,0.7334693774519453,0.5699736264825973,0.5362388867413993,0.5113991262096789,0.32211797772769935,,,,,-82.27793697634529,0.034945171092614614,-93.38900517385747,15138,-6227617.049739568,6227617.049739568,-631.2305359384375
logistic,classification,0.7055960450145857,0.5472502361135728,0.5307233229887801,0.5,0.6387859306998612,,,,,-82.51494844179156,0.0343796711509716,-93.44824864119099,15387,-6348287.55836922,6343292.55836922,-637.25283860756
ridge,classification,0.5,0.36121401182816665,0.5307233229887801,0.5,0.6387859881718334,,,,,-82.51494844179156,0.0343796711509716,-93.44824864119099,15387,-6348287.55836922,6343292.55836922,-637.25283860756
lgbm,classification,0.48475542060709886,0.3429479374913682,0.09829698237227368,0.48854498831786775,0.3530199242610217,,,,,-89.39631164681819,0.008802816901408451,-92.76850776663427,1136,-507771.0501539276,507771.0501539276,-178.05854212837605
