seed,shaped,n_trades,net_bps,auroc,threshold,oracle_capture_pct
42,0,521,-37.54563941947177,0.39416521114647707,0.49999999999999994,-23.15
7,0,916,-43.133478775046775,0.1928157887737279,0.49999999999999994,-26.59
13,0,887,-46.36316090693858,0.14838326432542182,0.49999999999999994,-28.58
23,0,1969,-51.129986569390105,0.34837173837874263,0.4437499999999999,-31.52
2025,0,1971,-51.212251998049766,0.7075424021846103,0.05,-31.57
42,1,473,-35.60272337037133,0.3826880280878454,0.49999999999999994,-21.95
