task,feature_set,model,n_train,n_val,n_test,validation_threshold,validation_net_bps,validation_n_trades,validation_objective,auroc,auprc,f1,balanced_accuracy,brier_score,net_bps_captured,hit_rate_above_cost,false_positive_cost,n_trades,final_pnl_usd,max_drawdown_usd,sharpe_ratio
basis_usdc_1m_gt10bps,microstructure_windows,gru_L30,28747,11497,15803,0.6125,39.98,11493,total_pnl_min25trades,0.9927952903180706,0.9906511444897405,0.9586958010822659,0.9626906337692421,0.030324343591928482,36.68017464217456,0.7353060397243616,-34.37339119413009,7401,1357349.862633673,3284.7500930016395,289.2714843025271
basis_usdc_1m_gt10bps,microstructure_windows,mlp_window_L30,28747,11497,15803,0.05,39.96,11497,total_pnl_min25trades,0.9888595983227957,0.9853599659290219,0.8285401417785718,0.8270218065286713,0.0552607960999012,17.253612514378734,0.5726386289766572,-40.56480397642198,10153,875879.6392924429,466079.76970445947,160.68678731136833
executable_arb_q10000_5m,microstructure_windows,gru_L30,28747,11497,15803,0.2188,45.43,11491,total_pnl_min25trades,0.8478535347789039,0.9867883051550983,0.8822176042748998,0.7586949372867575,0.21499717235565186,42.562223674451594,0.758759333716255,-35.878074557018316,12187,518705.81992053986,430.68046865041833,424.94220994384006
executable_arb_q10000_5m,microstructure_windows,mlp_window_L30,28747,11497,15803,0.1625,45.42,11495,total_pnl_min25trades,0.8358631599245874,0.9859573149381845,0.8229736645278116,0.7633839482861995,0.3344413936138153,43.56966422157527,0.763766209359143,-35.58237349632548,10642,463668.36664600286,430.68046865044744,395.44278029938465
